C_trach_DUW3_LT,C_trach_L2434_LT,new_C_mur_Nigg_LT,old_C_mur_Nigg_LT
CT001,CTL0256,TC_RS01360,TC_0269
CT002,CTL0257,TC_RS01365,TC_0270
CT003,CTL0258,TC_RS01370,TC_0271
CT004,CTL0259,TC_RS01375,TC_0272
CT005,CTL0260,TC_RS01380,TC_0273
CT006,CTL0261,TC_RS01385,TC_0274
CT007,CTL0262,TC_RS01390,TC_0275
CT008,CTL0263,TC_RS01395,TC_0276
CT009,CTL0264,TC_RS01400,TC_0277
CT010,CTL0265,TC_RS01405,TC_0278
CT011,CTL0266,TC_RS01410,TC_0279
CT012,CTL0267,TC_RS01415,TC_0280
CT013,CTL0268,TC_RS01420,TC_0281
CT014,CTL0269,TC_RS01425,TC_0282
CT015,CTL0270,TC_RS01430,TC_0283
CT016,CTL0271,TC_RS01435,TC_0284
CT017,CTL0272,TC_RS01440,TC_0285
CT018,CTL0273,TC_RS01445,TC_0286
CT019,CTL0274,TC_RS01450,TC_0288
CT020,CTL0275,TC_RS01455,TC_0289
CT021,CTL0276,TC_RS01460,TC_0290
CT022,CTL0277,TC_RS01465,TC_0291
CT023,CTL0278,TC_RS01470,TC_0292
CT024,CTL0279,TC_RS01475,TC_0293
CT025,CTL0280,TC_RS01480,TC_0294
CT026,CTL0281,TC_RS01485,TC_0295
CT027,CTL0282,TC_RS01490,TC_0296
CT028,CTL0283,TC_RS01495,TC_0297
CT029,CTL0284,TC_RS01500,TC_0298
CT030,CTL0285,TC_RS01505,TC_0299
CT031,CTL0286,TC_RS01510,TC_0300
CT032,CTL0287,TC_RS01515,TC_0301
CT033,CTL0288,TC_RS01520,TC_0302
CT034,CTL0289,TC_RS01525,TC_0303
CT035,CTL0290,TC_RS01530,TC_0305
CT036,CTL0291,TC_RS01535,TC_0306
CT038,CTL0293,TC_RS01545,TC_0308
CT039,CTL0294,TC_RS01550,TC_0309
CT039.1,CTL0295,None,None
CT040,CTL0296,TC_RS01555,TC_0310
CT041,CTL0297,TC_RS01560,TC_0311
CT042,CTL0298,TC_RS01565,TC_0312
CT043,CTL0299,TC_RS01570,TC_0313
CT045,CTL0301,TC_RS01580,TC_0315
CT046,CTL0302,TC_RS01585,TC_0316
CT047,CTL0303,TC_RS01590,TC_0317
CT048,CTL0304,TC_RS01595,TC_0318
CT049,CTL0305,TC_RS01600,TC_0319
CT050,CTL0306,TC_RS01605,TC_0320
CT051,CTL0307,TC_RS01610,TC_0321
CT052,CTL0308,TC_RS01615,TC_0322
CT053,CTL0309,TC_RS01620,TC_0323
CT054,CTL0310,TC_RS01630,TC_0324
CT055,CTL0311,TC_RS01635,TC_0325
CT056,CTL0312,TC_RS01640,TC_0326
CT057,CTL0313,TC_RS01645,TC_0327
CT058,CTL0314,TC_RS01650,TC_0328
CT059,CTL0315,TC_RS01655,TC_0329
CT060,CTL0316,TC_RS01665,TC_0330
CT061,CTL0317,TC_RS01670,TC_0331
CT062,CTL0318,TC_RS01675,TC_0332
CT063,CTL0319,TC_RS01680,TC_0333
CT064,CTL0320,TC_RS01685,TC_0334
CT065,CTL0321,TC_RS01690,TC_0335
CT066,CTL0322,TC_RS01700,TC_0336
CT067,CTL0323,TC_RS01710,TC_0338
CT068,CTL0324,TC_RS01715,TC_0339
CT069,CTL0325,TC_RS01720,TC_0341
CT070,CTL0326,TC_RS01725,TC_0342
CT071,CTL0327,TC_RS01730,TC_0343
CT072,CTL0328,TC_RS01735,TC_0344
CT073,CTL0329,TC_RS01740,TC_0345
CT074,CTL0330,TC_RS01745,TC_0346
CT075,CTL0331,TC_RS01750,TC_0347
CT076,CTL0332,TC_RS01755,TC_0348
CT077,CTL0333,TC_RS01760,TC_0349
CT078,CTL0334,TC_RS01765,TC_0350
CT079,CTL0335,TC_RS01770,TC_0351
CT080,CTL0336,TC_RS01775,TC_0353
CT082,CTL0338,TC_RS01780,TC_0355
CT083,CTL0338A,TC_RS01785,TC_0356
CT084,CTL0339,TC_RS01790,TC_0357
CT085,CTL0340,TC_RS01795,TC_0359
CT086,CTL0341,TC_RS01800,TC_0361
CT087,CTL0342,TC_RS01805,TC_0362
CT088,CTL0343,TC_RS01810,TC_0363
CT089,CTL0344,TC_RS01815,TC_0364
CT090,CTL0345,TC_RS01820,TC_0365
CT091,CTL0346,TC_RS01825,TC_0366
CT092,CTL0347,TC_RS01830,TC_0367
CT093,CTL0348,TC_RS01835,TC_0368
CT094,CTL0349,TC_RS01840,None
CT095,CTL0350,TC_RS01845,TC_0370
CT096,CTL0351,TC_RS01850,TC_0371
CT097,CTL0352,TC_RS01855,TC_0372
CT098,CTL0353,TC_RS01860,TC_0373
CT099,CTL0354,TC_RS01865,TC_0375
CT100,CTL0355,TC_RS01870,TC_0376
CT101,CTL0356,TC_RS01875,None
CT102,CTL0357,TC_RS01880,TC_0378
CT103,CTL0358,TC_RS01885,TC_0379
CT104,CTL0359,TC_RS01890,TC_0380
CT105,CTL0360,TC_RS01895,TC_0381
CT106,CTL0361,TC_RS01900,TC_0382
CT107,CTL0362,TC_RS01905,TC_0383
CT108,CTL0363,TC_RS01910,TC_0384
CT109,CTL0364,TC_RS01915,TC_0385
CT110,CTL0365,TC_RS01920,TC_0386
CT111,CTL0366,TC_RS01925,TC_0387
CT112,CTL0367,TC_RS01930,TC_0388
CT113,CTL0368,TC_RS01935,TC_0389
CT114,CTL0369,TC_RS01940,TC_0390
CT115,CTL0370,TC_RS01945,TC_0391
CT116,CTL0371,TC_RS01950,TC_0392
CT117,CTL0372,TC_RS01955,TC_0393
CT118,CTL0373,TC_RS01960,TC_0394
CT119,CTL0374,TC_RS01965,TC_0396
CT120,CTL0375,TC_RS01970,None
CT121,CTL0376,TC_RS01975,TC_0397
CT122,CTL0377,TC_RS01980,TC_0398
CT123,CTL0378,TC_RS01985,TC_0399
CT124,CTL0379,TC_RS01990,TC_0400
CT125,CTL0380,TC_RS01995,TC_0401
CT126,CTL0381,TC_RS02000,TC_0402
CT127,CTL0382,TC_RS02005,TC_0403
CT128,CTL0383,TC_RS02010,TC_0404
CT129,CTL0384,TC_RS02015,TC_0405
CT130,CTL0385,TC_RS02020,TC_0406
CT131,CTL0386,TC_RS02025,TC_0408
CT132,CTL0387,TC_RS02030,TC_0409
CT133,CTL0388,TC_RS02035,TC_0410
CT134,CTL0389,TC_RS02040,TC_0411
CT135,CTL0390,TC_RS02045,TC_0412
CT136,CTL0391,TC_RS02050,TC_0413
CT137,CTL0392,TC_RS02055,TC_0414
CT138,CTL0393,TC_RS02060,TC_0415
CT139,CTL0394,TC_RS02065,TC_0416
CT140,CTL0395,TC_RS02070,TC_0417
CT141,CTL0396,TC_RS02075,TC_0418
CT142,CTL0397,TC_RS02090,TC_0419
CT143,CTL0398,TC_RS02095,TC_0420
CT144,CTL0399,TC_RS02100,TC_0421
CT145,CTL0400,TC_RS02105,TC_0422
CT146,CTL0401,TC_RS02110,TC_0423
CT147,CTL0402,TC_RS02115,TC_0424
CT148,CTL0403,TC_RS02120,TC_0425
CT151,CTL0406,TC_RS02140,TC_0429
CT152,CTL0407,TC_RS02145,TC_0430
CT153,CTL0408,TC_RS02150,TC_0431
CT155,CTL0411,None,None
CT157,CTL0413,None,None
CT161,CTL0417,None,None
CT163,CTL0419,None,None
CT169,CTL0422,None,None
CT170,CTL0423,None,None
CT171,CTL0424,None,None
CT172.1,CTL0426,None,None
CT175,CTL0427,TC_RS02225,TC_0446
CT176,CTL0428,TC_RS02235,TC_0448
CT177,CTL0429,TC_RS02240,TC_0449
CT178,CTL0430,TC_RS02245,TC_0450
CT179,CTL0431,TC_RS02250,TC_0451
CT180,CTL0432,TC_RS02255,TC_0452
CT181,CTL0433,TC_RS02270,TC_0453
CT182,CTL0434,TC_RS02275,TC_0454
CT183,CTL0435,TC_RS02280,TC_0455
CT184,CTL0436,TC_RS02285,TC_0456
CT185,CTL0437,TC_RS02290,TC_0457
CT186,CTL0438,TC_RS02295,TC_0458
CT187,CTL0439,TC_RS02300,TC_0459
CT188,CTL0440,TC_RS02305,TC_0460
CT189,CTL0441,TC_RS02310,TC_0461
CT190,CTL0442,TC_RS02315,TC_0462
CT191,CTL0443,TC_RS02320,TC_0463
CT192,CTL0444,TC_RS02325,TC_0464
CT193,CTL0445,TC_RS02330,TC_0465
CT194,CTL0446,TC_RS02335,TC_0466
CT195,CTL0447,TC_RS02340,TC_0468
CT196,CTL0448,TC_RS02345,TC_0469
CT197,CTL0449,TC_RS02350,TC_0470
CT198,CTL0450,TC_RS02355,TC_0471
CT199,CTL0451,TC_RS02360,TC_0472
CT200,CTL0452,TC_RS02365,TC_0473
CT201,CTL0453,TC_RS02370,TC_0473a
CT202,CTL0454,TC_RS02375,TC_0474
CT203,CTL0455,TC_RS02380,TC_0475
CT204,CTL0456,TC_RS02385,TC_0476
CT205,CTL0457,TC_RS02390,TC_0477
CT206,CTL0458,TC_RS02395,TC_0478
CT207,CTL0459,TC_RS02400,TC_0479
CT208,CTL0460,TC_RS02415,TC_0480
CT209,CTL0461,TC_RS02420,TC_0481
CT210,CTL0462,TC_RS02425,TC_0482
CT211,CTL0463,TC_RS02430,TC_0483
CT212,CTL0464,TC_RS02435,TC_0484
CT213,CTL0465,TC_RS02440,TC_0485
CT214,CTL0466,TC_RS02445,TC_0486
CT215,CTL0467,TC_RS02455,TC_0487
CT216,CTL0468,TC_RS02460,TC_0488
CT217,CTL0469,TC_RS02465,TC_0489
CT218,CTL0470,TC_RS02475,TC_0491
CT219,CTL0471,TC_RS02480,TC_0492
CT220,CTL0472,TC_RS02485,TC_0493
CT221,CTL0473,TC_RS02490,TC_0494
CT222,CTL0475,None,None
CT223,CTL0476,None,None
CT224,CTL0477,None,None
CT225,CTL0477A,None,None
CT226,CTL0478,TC_RS02525,TC_0497
CT227,CTL0479,None,None
CT228,CTL0480,TC_RS02535,TC_0499
CT229,CTL0481,TC_RS02540,TC_0500
CT230,CTL0482,TC_RS02545,TC_0501
CT231,CTL0483,TC_RS02550,TC_0502
CT232,CTL0484,None,None
CT233,CTL0485,TC_RS02560,TC_0504
CT234,CTL0486,TC_RS02565,TC_0505
CT235,CTL0487,TC_RS02570,TC_0506
CT237,CTL0489,TC_RS02580,TC_0508
CT238,CTL0490,TC_RS02585,TC_0509
CT239,CTL0491,TC_RS02590,TC_0510
CT240,CTL0492,TC_RS02595,TC_0511
CT241,CTL0493,TC_RS02600,TC_0512
CT243,CTL0495,TC_RS02610,TC_0514
CT244,CTL0496,TC_RS02615,TC_0515
CT245,CTL0497,TC_RS02620,TC_0516
CT246,CTL0498,TC_RS02625,TC_0517
CT247,CTL0499,TC_RS02630,TC_0518
CT248,CTL0500,TC_RS02635,TC_0519
CT250,CTL0501,TC_RS02645,TC_0521
CT251,CTL0503,TC_RS02650,TC_0522
CT252,CTL0504,TC_RS02655,TC_0523
CT253,CTL0505,TC_RS02660,TC_0524
CT254,CTL0506,TC_RS02665,TC_0525
CT255,CTL0507,TC_RS02670,TC_0526
CT256,CTL0508,TC_RS02675,TC_0527
CT257,CTL0509,TC_RS02680,TC_0528
CT258,CTL0510,TC_RS02685,TC_0529
CT259,CTL0511,TC_RS02690,TC_0530
CT260,CTL0512,TC_RS02695,TC_0531
CT261,CTL0513,TC_RS02700,TC_0532
CT262,CTL0514,TC_RS02705,TC_0533
CT263,CTL0515,TC_RS02710,TC_0534
CT264,CTL0516,TC_RS02715,TC_0535
CT265,CTL0517,TC_RS02720,TC_0536
CT266,CTL0518,TC_RS02725,TC_0537
CT267,CTL0519,TC_RS02730,TC_0538
CT268,CTL0520,TC_RS02735,TC_0539
CT269,CTL0521,TC_RS02740,TC_0540
CT270,CTL0522,TC_RS02750,TC_0542
CT271,CTL0523,TC_RS02755,TC_0543
CT272,CTL0524,TC_RS02760,TC_0544
CT273,CTL0525,TC_RS02765,TC_0545
CT274,CTL0526,TC_RS02770,TC_0546
CT275,CTL0527,TC_RS02775,TC_0547
CT276,CTL0528,TC_RS02780,TC_0548
CT277,CTL0529,TC_RS02785,TC_0549
CT278,CTL0530,TC_RS02790,TC_0550
CT279,CTL0531,TC_RS02795,TC_0551
CT280,CTL0532,TC_RS02800,TC_0552
CT281,CTL0533,TC_RS02805,TC_0553
CT282,CTL0534,TC_RS02810,TC_0554
CT283,CTL0535,TC_RS02815,TC_0556
CT284,CTL0536,TC_RS02820,TC_0557
CT285,CTL0537,TC_RS02825,TC_0558
CT286,CTL0538,TC_RS02830,TC_0559
CT287,CTL0539,TC_RS02835,TC_0560
CT288,CTL0540,TC_RS02840,TC_0561
CT289,CTL0541,TC_RS02845,TC_0562
CT290,CTL0542,TC_RS02850,TC_0563
CT291,CTL0543,TC_RS02855,TC_0564
CT292,CTL0544,TC_RS02860,TC_0565
CT293,CTL0545,TC_RS02865,TC_0566
CT294,CTL0546,TC_RS02870,TC_0567
CT295,CTL0547,TC_RS02875,TC_0568
CT296,CTL0548,TC_RS02880,TC_0569
CT297,CTL0549,TC_RS02885,TC_0570
CT298,CTL0550,TC_RS02890,TC_0571
CT299,CTL0551,TC_RS02895,TC_0572
CT301,CTL0553,TC_RS02910,TC_0575
CT302,CTL0554,TC_RS02915,TC_0576
CT303,CTL0555,TC_RS02920,None
CT304,CTL0556,TC_RS02925,TC_0578
CT305,CTL0557,TC_RS02930,TC_0579
CT306,CTL0558,TC_RS02935,TC_0580
CT307,CTL0559,TC_RS02940,TC_0581
CT308,CTL0560,TC_RS02945,TC_0582
CT309,CTL0561,TC_RS02950,TC_0583
CT310,CTL0562,TC_RS02955,TC_0584
CT311,CTL0563,TC_RS02960,TC_0585
CT312,CTL0564,TC_RS02965,TC_0586
CT313,CTL0565,TC_RS02970,TC_0587
CT314,CTL0566,TC_RS02975,TC_0588
CT315,CTL0567,TC_RS02980,TC_0589
CT316,CTL0568,TC_RS02985,TC_0590
CT317,CTL0569,TC_RS02990,TC_0591
CT318,CTL0570,TC_RS02995,TC_0592
CT319,CTL0571,TC_RS03000,TC_0593
CT320,CTL0572,TC_RS03005,TC_0594
CT321,CTL0573,TC_RS03010,TC_0595
CT322,CTL0574,TC_RS03020,TC_0596
CT323,CTL0575,TC_RS03030,TC_0597
CT324,CTL0576,TC_RS03035,TC_0598
CT325,CTL0577,TC_RS03040,TC_0599
CT326.2,CTL0580,None,None
CT327,CTL0581,TC_RS03060,TC_0603
CT328,CTL0582,TC_RS03065,TC_0604
CT329,CTL0583,TC_RS03070,TC_0605
CT330,CTL0584,TC_RS03080,TC_0607
CT331,CTL0585,TC_RS03085,TC_0608
CT332,CTL0586,TC_RS03090,TC_0609
CT333,CTL0587,TC_RS03095,TC_0610
CT334,CTL0588,TC_RS03100,TC_0611
CT335,CTL0589,TC_RS03105,TC_0612
CT336,CTL0590,TC_RS03110,TC_0613
CT337,CTL0591,TC_RS03115,TC_0614
CT338,CTL0592,TC_RS03120,None
CT339,CTL0593,TC_RS03130,TC_0617
CT340,CTL0594,TC_RS03135,TC_0618
CT341,CTL0595,TC_RS03140,TC_0619
CT342,CTL0596,TC_RS03145,TC_0620
CT343,CTL0597,TC_RS03150,TC_0621
CT344,CTL0598,TC_RS03155,TC_0623
CT345,CTL0599,TC_RS03160,TC_0624
CT346,CTL0600,TC_RS03165,TC_0625
CT347,CTL0601,TC_RS03170,TC_0626
CT348,CTL0602,TC_RS03175,TC_0627
CT349,CTL0603,TC_RS03180,TC_0628
CT350,CTL0604,TC_RS03185,TC_0629
CT351,CTL0605,TC_RS03190,TC_0630
CT351a,CTL0606,None,None
CT353,CTL0607,TC_RS03200,TC_0632
CT354,CTL0608,TC_RS03205,TC_0633
CT355,CTL0609,TC_RS03210,TC_0634
CT356,CTL0610,TC_RS03215,TC_0635
CT357,CTL0611A,TC_RS03225,TC_0636
CT359,CTL0613,TC_RS03235,TC_0638
CT360,CTL0614,TC_RS03240,TC_0639
CT361,CTL0615,TC_RS03245,TC_0640
CT362,CTL0616,TC_RS03250,TC_0641
CT363,CTL0617,TC_RS03255,TC_0642
CT364,CTL0618,TC_RS03260,TC_0643
CT365,CTL0619,TC_RS03265,TC_0644
CT366,CTL0620,TC_RS03270,TC_0645
CT367,CTL0621,TC_RS03275,TC_0646
CT368,CTL0622,TC_RS03280,TC_0647
CT369,CTL0623,TC_RS03285,TC_0648
CT370,CTL0624,TC_RS03290,TC_0649
CT371,CTL0625,TC_RS03295,TC_0650
CT372,CTL0626,TC_RS03300,TC_0651
CT374,CTL0628,TC_RS03310,TC_0653
CT375,CTL0629,TC_RS03315,TC_0654
CT376,CTL0630,TC_RS03320,TC_0655
CT377,CTL0631,TC_RS03325,TC_0656
CT378,CTL0633,TC_RS03330,TC_0657
CT379,CTL0634,TC_RS03335,TC_0658
CT380,CTL0635,TC_RS03340,TC_0659
CT381,CTL0636,TC_RS03345,TC_0660
CT382,CTL0637,TC_RS03350,TC_0661
CT382.1,CTL0638,TC_RS03355,None
CT383,CTL0639,TC_RS03360,TC_0662
CT384,CTL0640,TC_RS03365,TC_0663
CT386,CTL0642,TC_RS03375,TC_0665
CT387,CTL0643,TC_RS03385,TC_0666
CT388,CTL0644,TC_RS03390,TC_0667
CT389,CTL0645,TC_RS03395,TC_0668
CT390,CTL0646,TC_RS03400,TC_0669
CT391,CTL0647,TC_RS03405,TC_0670
CT392,CTL0648,TC_RS03410,TC_0671
CT393,CTL0649,TC_RS03415,TC_0672
CT394,CTL0650,TC_RS03420,TC_0673
CT395,CTL0651,TC_RS03425,TC_0674
CT396,CTL0652,TC_RS03430,TC_0675
CT397,CTL0654,TC_RS03435,TC_0676
CT398,CTL0655,TC_RS03440,TC_0677
CT399,CTL0656,TC_RS03445,TC_0679
CT400,CTL0657,TC_RS03450,TC_0680
CT401,CTL0658,TC_RS03455,TC_0681
CT402,CTL0659,TC_RS03460,TC_0682
CT403,CTL0660,TC_RS03465,TC_0683
CT404,CTL0661,TC_RS03470,TC_0684
CT405,CTL0662,TC_RS03475,TC_0685
CT406,CTL0663,TC_RS03480,TC_0686
CT407,CTL0664,TC_RS03485,TC_0687
CT408,CTL0665,TC_RS03490,TC_0688
CT409,CTL0666,TC_RS03495,TC_0690
CT410,CTL0667,TC_RS03500,TC_0691
CT411,CTL0668,TC_RS03505,TC_0692
CT412,CTL0669,TC_RS03510,TC_0693
CT413,CTL0670,TC_RS03515,TC_0694
CT414,CTL0671,TC_RS03520,TC_0695
CT415,CTL0672,TC_RS03530,TC_0696
CT416,CTL0673,TC_RS03535,TC_0697
CT417,CTL0674,TC_RS03540,TC_0698
CT418,CTL0675,TC_RS03545,TC_0699
CT419,CTL0676,TC_RS03550,TC_0700
CT420,CTL0677,TC_RS03555,TC_0701
CT421,CTL0678,TC_RS03565,TC_0702
CT421.1,CTL0679,None,None
CT421.2,CTL0680,None,None
CT422,CTL0681,TC_RS03570,TC_0705
CT423,CTL0682,TC_RS03575,TC_0706
CT424,CTL0683,TC_RS03580,TC_0707
CT425,CTL0684,TC_RS03585,TC_0708
CT426,CTL0685,TC_RS03590,TC_0710
CT427,CTL0686,TC_RS03595,TC_0711
CT428,CTL0687,TC_RS03600,TC_0712
CT429,CTL0688,TC_RS03605,TC_0713
CT430,CTL0689,TC_RS03610,TC_0714
CT431,CTL0690,TC_RS03615,TC_0715
CT432,CTL0691,TC_RS03620,TC_0716
CT433,CTL0692,TC_RS03625,TC_0717
CT434,CTL0693,TC_RS03630,TC_0718
CT435,CTL0694,TC_RS03635,TC_0719
CT436,CTL0695,TC_RS03640,TC_0720
CT437,CTL0696,TC_RS03645,TC_0721
CT438,CTL0697,TC_RS03650,TC_0722
CT439,CTL0698,TC_RS03655,TC_0723
CT440,CTL0699,TC_RS03660,TC_0724
CT441,CTL0700,TC_RS03665,TC_0725
CT442,CTL0701,TC_RS03670,TC_0726
CT443,CTL0702,TC_RS03680,TC_0727
CT444.1,CTL0704,TC_RS03690,TC_0729
CT445,CTL0705,TC_RS03695,TC_0730
CT446,CTL0706,TC_RS03700,TC_0731
CT447,CTL0707,TC_RS03705,TC_0732
CT448,CTL0708a,TC_RS03710,TC_0733
CT449,CTL0709,TC_RS03715,TC_0734
CT450,CTL0710,TC_RS03720,TC_0735
CT451,CTL0711,TC_RS03725,TC_0736
CT452,CTL0712,TC_RS03730,TC_0737
CT453,CTL0713,TC_RS03735,TC_0738
CT454,CTL0714,TC_RS03740,TC_0739
CT455,CTL0715,TC_RS03745,TC_0740
CT456,CTL0716,TC_RS03750,TC_0741
CT457,CTL0717,TC_RS03755,TC_0742
CT458,CTL0718,TC_RS03760,TC_0743
CT459,CTL0719,TC_RS03765,TC_0744
CT460,CTL0720,TC_RS03770,TC_0745
CT461,CTL0721,TC_RS03775,TC_0746
CT462,CTL0722,TC_RS03780,TC_0747
CT463,CTL0723,TC_RS03785,None
CT464,CTL0724,TC_RS03790,TC_0749
CT465,CTL0725,TC_RS03795,TC_0750
CT466,CTL0726,TC_RS03805,TC_0751
CT467,CTL0727,TC_RS03810,TC_0752
CT468,CTL0728,TC_RS03815,TC_0753
CT469,CTL0729,TC_RS03825,TC_0754
CT470,CTL0730,TC_RS03830,TC_0755
CT471,CTL0731,TC_RS03835,TC_0756
CT472,CTL0733,TC_RS03850,TC_0757
CT473,CTL0734,TC_RS03855,TC_0758
CT474,CTL0735,TC_RS03860,TC_0759
CT475,CTL0736,TC_RS03865,TC_0760
CT476,CTL0737,TC_RS03870,TC_0761
CT477,CTL0738,TC_RS03875,TC_0762
CT478,CTL0739,TC_RS03880,TC_0763
CT479,CTL0740,TC_RS03885,TC_0764
CT480,CTL0741,TC_RS03890,TC_0765
CT481,CTL0742,TC_RS03895,TC_0767
CT482,CTL0743,TC_RS03900,TC_0769
CT483,CTL0744,TC_RS03905,TC_0770
CT484,CTL0745,TC_RS03910,TC_0771
CT485,CTL0746,TC_RS03915,TC_0772
CT486,CTL0747,TC_RS03920,TC_0773
CT487,CTL0748,TC_RS03925,TC_0774
CT488,CTL0749,TC_RS03930,TC_0775
CT489,CTL0750,TC_RS03935,TC_0776
CT490,CTL0751,TC_RS03940,TC_0777
CT491,CTL0752,TC_RS03945,TC_0778
CT492,CTL0753,TC_RS03950,TC_0779
CT493,CTL0754,TC_RS03955,TC_0780
CT494,CTL0755,TC_RS03960,TC_0781
CT495,CTL0756,TC_RS03965,TC_0782
CT496,CTL0757,TC_RS03970,TC_0783
CT497,CTL0759,TC_RS03980,TC_0784
CT498,CTL0760,TC_RS03985,TC_0785
CT499,CTL0761,TC_RS03990,TC_0786
CT500,CTL0762,TC_RS03995,TC_0787
CT501,CTL0763,TC_RS04000,TC_0788
CT502,CTL0764,TC_RS04005,TC_0789
CT503,CTL0765,TC_RS04010,TC_0790
CT504,CTL0766,TC_RS04020,TC_0791
CT505,CTL0767,TC_RS04025,TC_0792
CT506,CTL0768,TC_RS04030,TC_0793
CT507,CTL0769,TC_RS04035,TC_0794
CT508,CTL0770,TC_RS04040,TC_0795
CT509,CTL0771,TC_RS04045,TC_0796
CT510,CTL0772,TC_RS04050,TC_0797
CT511,CTL0773,TC_RS04055,TC_0798
CT512,CTL0774,TC_RS04060,TC_0799
CT513,CTL0775,TC_RS04065,TC_0800
CT514,CTL0776,TC_RS04070,TC_0801
CT515,CTL0777,TC_RS04075,TC_0802
CT516,CTL0778,TC_RS04080,TC_0803
CT517,CTL0779,TC_RS04085,TC_0804
CT518,CTL0780,TC_RS04090,TC_0805
CT519,CTL0781,TC_RS04095,TC_0806
CT520,CTL0782,TC_RS04100,TC_0807
CT521,CTL0783,TC_RS04105,TC_0808
CT522,CTL0784,TC_RS04110,TC_0809
CT523,CTL0785,TC_RS04115,TC_0810
CT524,CTL0786,TC_RS04120,TC_0811
CT525,CTL0787,TC_RS04125,TC_0812
CT526,CTL0788,TC_RS04130,TC_0813
CT527,CTL0789,TC_RS04135,TC_0814
CT528,CTL0790,TC_RS04140,TC_0815
CT529,CTL0791,TC_RS04145,TC_0816
CT530,CTL0792,TC_RS04150,TC_0817
CT531,CTL0793,TC_RS04155,TC_0818
CT532,CTL0794,TC_RS04160,TC_0819
CT533,CTL0795,TC_RS04165,TC_0820
CT534,CTL0796,TC_RS04170,TC_0821
CT535,CTL0797,TC_RS04175,TC_0822
CT536,CTL0798,TC_RS04180,TC_0823
CT538,CTL0800,TC_RS04190,TC_0825
CT539,CTL0801,TC_RS04200,TC_0826
CT540,CTL0802,TC_RS04205,TC_0827
CT541,CTL0803,TC_RS04210,TC_0828
CT542,CTL0804,TC_RS04215,TC_0829
CT543,CTL0805,TC_RS04220,TC_0830
CT544,CTL0806,TC_RS04225,TC_0831
CT545,CTL0807,TC_RS04230,TC_0832
CT546,CTL0808,TC_RS04240,TC_0834
CT547,CTL0809,TC_RS04245,TC_0835
CT548,CTL0810,TC_RS04250,TC_0836
CT549,CTL0811,TC_RS04255,TC_0837
CT550,CTL0812,TC_RS04260,TC_0838
CT551,CTL0813,TC_RS04265,TC_0839
CT552,CTL0814,TC_RS04270,TC_0840
CT553,CTL0815,TC_RS04275,TC_0841
CT554,CTL0817,TC_RS04280,TC_0842
CT555,CTL0818,TC_RS04285,TC_0843
CT556,CTL0819,TC_RS04290,TC_0844
CT557,CTL0820,TC_RS04295,TC_0846
CT558,CTL0821,TC_RS04300,TC_0847
CT559,CTL0822,TC_RS04305,TC_0848
CT560,CTL0823,TC_RS04310,TC_0849
CT561,CTL0824,TC_RS04315,TC_0850
CT562,CTL0825,None,None
CT563,CTL0826,TC_RS04325,TC_0852
CT564,CTL0827,TC_RS04330,TC_0853
CT565,CTL0828,TC_RS04335,TC_0854
CT566,CTL0829,TC_RS04340,TC_0855
CT567,CTL0830,TC_RS04345,TC_0856
CT568,CTL0831,TC_RS04350,TC_0857
CT570,CTL0833,TC_RS04360,TC_0859
CT571,CTL0834,TC_RS04365,TC_0860
CT572,CTL0835,TC_RS04370,TC_0861
CT573,CTL0836,TC_RS04375,TC_0862
CT574,CTL0837,TC_RS04380,TC_0863
CT575,CTL0838,TC_RS04385,TC_0864
CT576,CTL0839,TC_RS04390,TC_0865
CT577,CTL0840,TC_RS04395,TC_0866
CT578,CTL0841,TC_RS04400,TC_0867
CT579,CTL0842,TC_RS04405,TC_0868
CT580,CTL0843,TC_RS04410,TC_0869
CT581,CTL0844,TC_RS04415,TC_0870
CT582,CTL0845,TC_RS04420,TC_0871
CT583,CTL0846,TC_RS04425,TC_0872
CT584,CTL0847,TC_RS04430,TC_0873
CT585,CTL0848,TC_RS04435,TC_0874
CT586,CTL0849,TC_RS04440,TC_0875
CT587,CTL0850,TC_RS04445,TC_0876
CT588,CTL0851,TC_RS04450,TC_0877
CT589,CTL0852,TC_RS04455,TC_0878
CT590,CTL0853,TC_RS04460,TC_0879
CT591,CTL0854,TC_RS04465,TC_0880
CT592,CTL0855,TC_RS04470,TC_0881
CT594,CTL0858,TC_RS04480,TC_0883
CT595,CTL0859,TC_RS04485,TC_0884
CT596,CTL0860,TC_RS04490,TC_0885
CT597,CTL0861,TC_RS04495,TC_0886
CT598,CTL0861A,None,None
CT599,CTL0862,TC_RS04505,TC_0888
CT600,CTL0863,TC_RS04510,TC_0889
CT601,CTL0864,TC_RS04515,TC_0890
CT602,CTL0865,TC_RS04520,TC_0891
CT603,CTL0866,TC_RS04525,TC_0892
CT604,CTL0867,TC_RS04535,TC_0893
CT605,CTL0868,TC_RS04540,TC_0894
CT606,CTL0869,TC_RS04545,TC_0895
CT607,CTL0871,TC_RS04555,TC_0897
CT608,CTL0872,TC_RS04560,TC_0898
CT609,CTL0873,TC_RS04565,TC_0899
CT610,CTL0874,TC_RS04570,TC_0900
CT611,CTL0875,TC_RS04575,TC_0901
CT612,CTL0876,TC_RS04580,TC_0902
CT613,CTL0877,TC_RS04585,TC_0903
CT615,CTL0879,TC_RS04595,TC_0905
CT616,CTL0880,TC_RS04600,TC_0906
CT617,CTL0881,TC_RS04610,TC_0907
CT618,CTL0882,TC_RS04615,TC_0908
CT619,CTL0883,TC_RS04620,TC_0909
CT620,CTL0884,TC_RS04625,TC_0910
CT621,CTL0885,TC_RS04630,TC_0911
CT622,CTL0886,TC_RS04635,None
CT623,CTL0887,TC_RS04640,None
CT624,CTL0888,TC_RS04645,TC_0913
CT625,CTL0889,TC_RS04650,TC_0914
CT626,CTL0890,TC_RS04655,TC_0915
CT627,CTL0891,TC_RS04660,TC_0916
CT628,CTL0892,TC_RS04665,TC_0917
CT629,CTL0893,None,None
CT630,CTL0894,TC_RS04675,TC_0919
CT631,CTL0895,TC_RS04680,TC_0920
CT632,CTL0897,TC_RS04690,TC_0921
CT633,CTL0001,TC_RS00005,TC_0001
CT634,CTL0002,TC_RS00010,TC_0002
CT635,CTL0003,TC_RS00015,TC_0003
CT636,CTL0004,TC_RS00020,TC_0004
CT637,CTL0005,TC_RS00030,TC_0005
CT638/638.1,CTL0006,TC_RS00035,TC_0006
CT639,CTL0007,TC_RS00040,TC_0007
CT640,CTL0008,TC_RS00045,TC_0008
CT641,CTL0009,TC_RS00050,TC_0009
CT642,CTL0010,TC_RS00055,TC_0010
CT643,CTL0011,TC_RS00065,TC_0012
CT644,CTL0012,TC_RS00070,TC_0013
CT645,CTL0013,TC_RS00075,TC_0014
CT646,CTL0014,TC_RS00080,TC_0015
CT647,CTL0015,TC_RS00085,TC_0016
CT648,CTL0016,TC_RS00090,TC_0017
CT649,CTL0017,TC_RS00095,TC_0018
CT650,CTL0018,TC_RS00100,TC_0019
CT651,CTL0019,TC_RS00105,TC_0020
CT652,CTL0020,TC_RS00110,TC_0021
CT653,CTL0022,TC_RS00120,TC_0023
CT654,CTL0023,TC_RS00125,TC_0024
CT655,CTL0024,TC_RS00130,TC_0025
CT657,CTL0026,TC_RS00145,TC_0028
CT658,CTL0027,TC_RS00150,TC_0029
CT659,CTL0028,TC_RS00155,TC_0030
CT660,CTL0029,TC_RS00160,TC_0031
CT661,CTL0030,TC_RS00165,TC_0032
CT662,CTL0031,TC_RS00170,TC_0033
CT663,CTL0032,TC_RS00175,TC_0034
CT664,CTL0033,TC_RS00180,TC_0035
CT665,CTL0034,TC_RS00185,TC_0036
CT666,CTL0035,TC_RS00190,TC_0037
CT667,CTL0036,TC_RS00195,TC_0038
CT668,CTL0037,TC_RS00200,TC_0039
CT669,CTL0038,TC_RS00205,TC_0040
CT670,CTL0039,TC_RS00210,TC_0041
CT671,CTL0040,TC_RS00215,TC_0042
CT672,CTL0041,TC_RS00220,TC_0043
CT673,CTL0042,TC_RS00225,TC_0044
CT674,CTL0043,TC_RS00230,None
CT675,CTL0044,TC_RS00240,TC_0046
CT676,CTL0045,TC_RS00245,TC_0047
CT677,CTL0046,TC_RS00260,TC_0048
CT678,CTL0047,TC_RS00265,TC_0049
CT679,CTL0048,TC_RS00270,TC_0050
CT680,CTL0049,TC_RS00275,TC_0051
CT681,CTL0050,TC_RS00285,TC_0052
CT682,CTL0051,TC_RS00290,TC_0054
CT683,CTL0052,TC_RS00295,TC_0055
CT684,CTL0053,TC_RS00300,TC_0056
CT685,CTL0054,TC_RS00305,TC_0057
CT686,CTL0055,TC_RS00310,TC_0058
CT687,CTL0056,TC_RS00315,TC_0059
CT688,CTL0057,TC_RS00320,TC_0060
CT689,CTL0058,TC_RS00325,TC_0061
CT690,CTL0059,TC_RS00330,TC_0062
CT691,CTL0060,TC_RS00335,TC_0063
CT692,CTL0061,TC_RS00340,TC_0064
CT693,CTL0062,TC_RS00345,TC_0065
CT694,CTL0063,TC_RS00350,TC_0066
CT695,CTL0064,TC_RS00355,TC_0067
CT696,CTL0065,TC_RS00360,TC_0068
CT697,CTL0066,TC_RS00365,TC_0069
CT698,CTL0067,TC_RS00370,TC_0070
CT699,CTL0068,TC_RS00380,TC_0072
CT700,CTL0069,TC_RS00385,TC_0073
CT701,CTL0070,TC_RS00390,TC_0074
CT702,CTL0071,TC_RS00395,TC_0075
CT703,CTL0072,TC_RS00400,TC_0076
CT704,CTL0073,TC_RS00405,TC_0077
CT705,CTL0074,TC_RS00410,TC_0078
CT706,CTL0075,TC_RS00415,TC_0079
CT707,CTL0076,TC_RS00420,TC_0080
CT708,CTL0077,TC_RS00430,TC_0081
CT709,CTL0078,TC_RS00435,TC_0082
CT710,CTL0079,TC_RS00440,TC_0083
CT711,CTL0080,TC_RS00445,TC_0084
CT712,CTL0081,TC_RS00450,TC_0085
CT713,CTL0082,TC_RS00455,TC_0086
CT714,CTL0083,TC_RS00460,TC_0087
CT715,CTL0084,TC_RS00465,TC_0088
CT716,CTL0085,TC_RS00470,TC_0089
CT717,CTL0086,TC_RS00475,TC_0090
CT718,CTL0087,TC_RS00480,TC_0091
CT719,CTL0088,TC_RS00485,TC_0092
CT720,CTL0089,TC_RS00490,TC_0093
CT721,CTL0090,TC_RS00495,TC_0094
CT722,CTL0091,TC_RS00500,TC_0095
CT723,CTL0092,TC_RS00505,TC_0096
CT724,CTL0093,TC_RS00510,TC_0097
CT725,CTL0094,TC_RS00515,TC_0098
CT726,CTL0095,TC_RS00520,TC_0099
CT727,CTL0096,TC_RS00525,TC_0100
CT728,CTL0097,TC_RS00530,TC_0101
CT729,CTL0098,TC_RS00535,TC_0102
CT730,CTL0099,TC_RS00540,TC_0103
CT731,CTL0100,TC_RS00545,TC_0104
CT732,CTL0101,TC_RS00550,TC_0105
CT733,CTL0102,TC_RS00555,TC_0106
CT734,CTL0103,TC_RS00560,TC_0107
CT735,CTL0104,TC_RS00565,TC_0108
CT736,CTL0105,TC_RS00570,TC_0109
CT737,CTL0106,TC_RS00575,TC_0110
CT738,CTL0107,TC_RS00580,TC_0111
CT739,CTL0108,TC_RS00585,TC_0112
CT740,CTL0109,TC_RS00620,TC_0116
CT741,CTL0110,TC_RS00625,TC_0117
CT742,CTL0111,None,None
CT743,CTL0112,TC_RS00635,TC_0119
CT744,CTL0113,TC_RS00640,TC_0120
CT745,CTL0114,TC_RS00645,TC_0121
CT746,CTL0115,TC_RS00650,TC_0122
CT747,CTL0116,TC_RS00655,TC_0123
CT748,CTL0117,TC_RS00660,TC_0124
CT749,CTL0118,TC_RS00665,TC_0125
CT750,CTL0119,TC_RS00690,TC_0131
CT751,CTL0120,TC_RS00695,TC_0132
CT752,CTL0121,TC_RS00700,TC_0133
CT753,CTL0122,TC_RS00705,TC_0134
CT754,CTL0123,TC_RS00710,TC_0135
CT755,CTL0124,TC_RS00715,TC_0136
CT756,CTL0125,TC_RS00725,TC_0137
CT757,CTL0126,TC_RS00730,TC_0138
CT758,CTL0127,TC_RS00735,TC_0139
CT759,CTL0128,TC_RS00740,TC_0140
CT760,CTL0129,TC_RS00745,TC_0141
CT761,CTL0130,TC_RS00750,TC_0142
CT762,CTL0131,TC_RS00755,TC_0143
CT764,CTL0133,TC_RS00765,TC_0145
CT765,CTL0134,TC_RS00770,TC_0146
CT766,CTL0135,TC_RS00775,TC_0147
CT767,CTL0136,TC_RS00780,TC_0148
CT768,CTL0137,TC_RS00785,TC_0149
CT769,CTL0138,TC_RS00790,TC_0150
CT770,CTL0139,TC_RS00795,TC_0151
CT771,CTL0140,TC_RS00800,TC_0152
CT772,CTL0141,TC_RS00805,TC_0153
CT773,CTL0142,TC_RS00810,TC_0154
CT774,CTL0143,TC_RS00815,TC_0155
CT775,CTL0144,TC_RS00820,TC_0156
CT776,CTL0145,TC_RS00825,TC_0157
CT777,CTL0146,TC_RS00830,TC_0158
CT778,CTL0147,TC_RS00835,TC_0159
CT779,CTL0148,TC_RS00840,TC_0160
CT780,CTL0149,TC_RS00845,TC_0161
CT781,CTL0150,TC_RS00850,TC_0163
CT782,CTL0151,TC_RS00855,TC_0164
CT783,CTL0152,TC_RS00860,TC_0166
CT784,CTL0153,TC_RS00865,TC_0167
CT786,CTL0154,TC_RS00870,TC_0169
CT787,CTL0155,TC_RS00875,TC_0170
CT788,CTL0156,TC_RS00880,TC_0171
CT789,CTL0157,None,None
CT790,CTL0158,TC_RS00885,TC_0172
CT791,CTL0159,TC_RS00890,TC_0173
CT792,CTL0160,TC_RS00895,TC_0174
CT794,CTL0162,TC_RS00900,TC_0175
CT794.1,CTL0163,TC_RS00905,TC_0176
CT795,CTL0164,TC_RS00910,TC_0177
CT796,CTL0165,TC_RS00915,TC_0178
CT797,CTL0166,TC_RS00920,TC_0180
CT798,CTL0167,TC_RS00925,TC_0181
CT799,CTL0168,TC_RS00935,TC_0182
CT800,CTL0169,TC_RS00940,TC_0183
CT801,CTL0170,TC_RS00945,TC_0184
CT802,CTL0171,TC_RS00950,TC_0185
CT803,CTL0172,TC_RS00955,TC_0186
CT804,CTL0173,TC_RS00960,TC_0187
CT805,CTL0174,TC_RS00970,TC_0189
CT806,CTL0175,TC_RS00975,TC_0190
CT807,CTL0176,TC_RS00980,TC_0192
CT808,CTL0177,TC_RS00985,TC_0193
CT809,CTL0178,TC_RS00990,TC_0194
CT810,CTL0181,None,None
CT811,CTL0182,TC_RS00995,TC_0196
CT812,CTL0183,TC_RS01000,TC_0197
CT813,CTL0184,TC_RS01005,TC_0199
CT814,CTL0185,TC_RS01010,TC_0200
CT814.1,CTL0186,TC_RS01015,TC_0201
CT815,CTL0187,TC_RS01020,TC_0202
CT816,CTL0188,TC_RS01025,TC_0203
CT817,CTL0189,TC_RS01030,TC_0204
CT818,CTL0190,TC_RS01035,TC_0205
CT819,CTL0191,TC_RS01040,TC_0206
CT820,CTL0192,TC_RS01045,TC_0207
CT821,CTL0193,TC_RS01050,TC_0208
CT822,CTL0194,TC_RS01055,TC_0209
CT823,CTL0195,TC_RS01060,TC_0210
CT824,CTL0196,TC_RS01065,TC_0211
CT825,CTL0197,TC_RS01070,TC_0212
CT826,CTL0198,TC_RS01075,TC_0213
CT827,CTL0199,TC_RS01080,TC_0214
CT828,CTL0200,TC_RS01085,TC_0215
CT829,CTL0201,None,None
CT830,CTL0202,TC_RS01095,TC_0217
CT831,CTL0203,TC_RS01100,TC_0218
CT833,CTL0205,TC_RS01110,TC_0221
CT834,CTL0206,TC_RS01115,TC_0222
CT835,CTL0207,TC_RS01120,TC_0223
CT836,CTL0208,TC_RS01125,TC_0224
CT837,CTL0209,TC_RS01135,TC_0225
CT838,CTL0210,TC_RS01140,TC_0226
CT839,CTL0211,TC_RS01145,TC_0227
CT840,CTL0212,TC_RS01150,TC_0228
CT841,CTL0213,TC_RS01155,TC_0229
CT842,CTL0214,TC_RS01160,TC_0230
CT843,CTL0215,TC_RS01165,TC_0231
CT844,CTL0216,TC_RS01170,TC_0232
CT845,CTL0217,TC_RS01175,TC_0233
CT846,CTL0218,TC_RS01180,TC_0234
CT847,CTL0219,TC_RS01185,TC_0235
CT848,CTL0220,TC_RS01190,TC_0236
CT849.1,CTL0222,TC_RS01200,TC_0238
CT850,CTL0223,TC_RS01205,TC_0239
CT851,CTL0224,TC_RS01210,TC_0240
CT852,CTL0225,TC_RS01215,TC_0241
CT853,CTL0226,TC_RS01220,TC_0242
CT854,CTL0227,TC_RS01225,TC_0243
CT856,CTL0231,TC_RS01235,TC_0245
CT857,CTL0232,TC_RS01245,TC_0247
CT858,CTL0233,TC_RS01250,TC_0248
CT859,CTL0234,TC_RS01255,TC_0249
CT860,CTL0235,TC_RS01260,TC_0250
CT861,CTL0236,TC_RS01265,TC_0251
CT862,CTL0237,TC_RS01270,TC_0252
CT863,CTL0238,TC_RS01275,TC_0253
CT864,CTL0243,TC_RS01290,TC_0255
CT865,CTL0244,TC_RS01295,TC_0256
CT866,CTL0245,TC_RS01300,TC_0257
CT867,CTL0246,None,None
CT868,CTL0247,None,None
CT869,CTL0248,TC_RS01325,TC_0261
CT870,CTL0249,TC_RS01330,TC_0262
CT871,CTL0250,TC_RS01335,TC_0263
CT872,CTL0251,TC_RS01340,TC_0264
CT873,CTL0252,TC_RS01345,TC_0266
CT874,CTL0254,TC_RS01350,TC_0267
CT875,CTL0255,TC_RS01355,TC_0268
None,CTL0017a,None,None
None,CTL0018a,None,None
None,CTL0021,None,None
None,CTL0025,None,None
None,CTL0108a,None,None
None,CTL0118a,None,None
None,CTL0132,None,None
None,CTL0151a,None,None
None,CTL0153A,None,None
None,CTL0173a,None,None
None,CTL0178a,None,None
None,CTL0204,None,None
None,CTL0221,None,None
None,CTL0238a,None,None
None,CTL0238b,None,None
None,CTL0300,None,None
None,CTL0321a,None,None
None,CTL0404,None,None
None,CTL0405,None,None
None,CTL0414a,None,None
None,CTL0417a,None,None
None,CTL0417b,None,None
None,CTL0422a,None,None
None,CTL0474,None,None
None,CTL0488,None,None
None,CTL0494,None,None
None,CTL0500A,None,None
None,CTL0583A,None,None
None,CTL0612,None,None
None,CTL0641,None,None
None,CTL0703,None,None
None,CTL0742a,None,None
None,CTL0758,None,None
None,CTL0799,None,None
None,CTL0832,None,None
None,CTL0870,None,None
None,CTL0878,None,None
None,CTL0887a,None,None
None,CTL0179,None,None
None,None,TC_RS02470,TC_0490
None,None,TC_RS02470,TC_0490
None,None,TC_RS02470,TC_0490
None,None,TC_RS02470,TC_0490
None,None,TC_RS02470,TC_0490
None,None,TC_RS02470,TC_0490
None,None,TC_RS02470,TC_0490
None,None,TC_RS02470,TC_0490
None,None,TC_RS02470,TC_0490
None,None,TC_RS02470,TC_0490
None,None,TC_RS02470,TC_0490
None,None,TC_RS02470,TC_0490
None,None,TC_RS02470,TC_0490
None,None,TC_RS02470,TC_0490
None,None,TC_RS02470,TC_0490
None,None,TC_RS02470,TC_0490
None,None,TC_RS02470,TC_0490
None,None,TC_RS02470,TC_0490
None,None,TC_RS02470,TC_0490
None,None,TC_RS02470,TC_0490
None,None,TC_RS02470,TC_0490
None,None,TC_RS02470,TC_0490
None,None,TC_RS02470,TC_0490
None,None,TC_RS02470,TC_0490
None,None,TC_RS02470,TC_0490
None,None,TC_RS02470,TC_0490
None,None,TC_RS02470,TC_0490
None,None,TC_RS02470,TC_0490
None,None,TC_RS02470,TC_0490
None,None,TC_RS02470,TC_0490
None,None,TC_RS02470,TC_0490
None,None,TC_RS02470,TC_0490
None,None,TC_RS02470,TC_0490
None,None,TC_RS02470,TC_0490
None,None,TC_RS02470,TC_0490
None,None,TC_RS02470,TC_0490
None,None,TC_RS02470,TC_0490
None,None,TC_RS02470,TC_0490
None,None,TC_RS02470,TC_0490